label,rmsAW_u,rmsAW_g,rmsAW_r,rmsAW_i,rmsTHELI_u,rmsExpo_u,rmsTHELI_g,rmsExpo_g,rmsTHELI_r,rmsExpo_r,rmsTHELI_i,rmsExpo_i,FileSeeing_u,seeing_e1_u,FileSeeing_g,seeing_e1_g,FileSeeing_r,seeing_e1_r,FileSeeing_i,seeing_e1_i,MeasSeeing_u,MeasBeta_u,MeasSeeing_g,MeasBeta_g,MeasSeeing_r,MeasBeta_r,MeasSeeing_i,MeasBeta_i,InputSeeing_u,InputBeta_u,InputSeeing_g,InputBeta_g,InputSeeing_r,InputBeta_r,InputSeeing_i,InputBeta_i,HeaderSeeing_Z,MeasSeeing_Z,rms_Z,HeaderSeeing_Y,MeasSeeing_Y,rms_Y,HeaderSeeing_J,MeasSeeing_J,rms_J,HeaderSeeing_H,MeasSeeing_H,rms_H,HeaderSeeing_Ks,MeasSeeing_Ks,rms_Ks,MeasBeta_Z,MeasBeta_Y,MeasBeta_J,MeasBeta_H,MeasBeta_Ks,InputSeeing_Z,InputBeta_Z,InputSeeing_Y,InputBeta_Y,InputSeeing_J,InputBeta_J,InputSeeing_H,InputBeta_H,InputSeeing_Ks,InputBeta_Ks,rmsExpo_Z,rmsExpo_Y,rmsExpo_J,rmsExpo_H,rmsExpo_Ks,seeing_e1_r_expo0,seeing_e1_r_expo1,seeing_e1_r_expo2,seeing_e1_r_expo3,seeing_e1_r_expo4,dist2center
45.4_-31.2,5.5210658655327105,2.339644940776421,2.0013639209596894,5.7358352227939475,6.321068309448397,12.642136618896794,2.678659492694924,5.989664714240951,2.291361553106748,5.1236401937761835,6.566957746576789,14.684163926714538,1.149,0.035,1.104,0.04,0.628,0.043,1.064,0.035,1.0652754,2.391914,1.0264202000000002,2.400818,0.6051076000000001,2.5673209999999997,1.0049814,2.60751,1.0505508,2.355473243737754,1.0128404000000004,2.3596015026253108,0.5742151999999999,2.303745924308791,0.9919628000000004,2.551989507947524,1.0234556630146974,1.106369062354287,15.225718139875966,1.0098400471368527,1.0466140537169109,50.11603225297887,0.9550932468295258,0.9935946495928126,32.89249596201807,0.7871352313864133,0.8631920290317879,56.666477179979154,0.8590562383829011,0.945589946406476,79.83372543035192,2.617996821561635,2.6901124427761345,2.784423181127296,3.25269914269502,2.9066831005455613,1.0703381247085741,2.496437740181612,1.0086281074338217,2.5396705505861785,0.9535892991856252,2.6034014620084136,0.8219840580635758,2.99884903423152,0.9051798928129516,2.7237177132759665,15.225718139875966,50.11603225297887,32.89249596201807,56.666477179979154,79.83372543035192,0.020730124511849857,0.05517304672026968,0.024749277253044544,0.040185588819669486,0.021724454662158558,0.4472135954999563
44.3_-31.2,5.208770983671376,2.1760017833928305,2.6249457115157795,7.011105840046415,5.9635218992053565,11.927043798410713,2.4913044418064505,5.5707260845263935,3.005300345114416,6.720055864479411,8.027015076269137,17.948951366953448,1.024,0.064,0.69,0.051,0.618,0.052000000000000005,1.149,0.038,0.9373798,2.2260400000000002,0.6374826000000001,2.371624,0.6020616000000001,2.754284,1.0711351999999998,2.210265,0.9207596000000002,2.176397500386272,0.6089652000000002,2.178373593903528,0.5721231999999999,2.45848386927562,1.0562703999999996,2.1649661403588696,0.9407361245406116,1.0173021301960867,17.516962045270787,0.9105928648750308,0.954359678066662,45.63851134514046,0.9428082190811566,0.9849331703319496,32.46388647038507,0.8772975595263693,0.9412029562081838,56.40939700532937,0.946238553967547,1.032441465757424,66.63780446924451,2.7379043056222585,2.881045262804101,2.8034683620388963,2.92014488524557,2.7120060120648635,0.9806042603921734,2.5818789887637634,0.912519356133324,2.694001229746725,0.9464663406638992,2.631103345337522,0.8998059124163675,2.7237968559111323,0.9938829315148484,2.556230003610938,17.516962045270787,45.63851134514046,32.46388647038507,56.40939700532937,66.63780446924451,0.1033622131429348,0.0529014184241271,0.052928047398771993,0.03903030927307971,0.05383584760453397,0.7280109889280544
44.9_-30.2,5.680638449607898,2.2389493392817017,2.2025673963599224,12.655548317668496,6.50376296095608,13.00752592191216,2.5633730985436194,5.7318765000378,2.5217194120924744,5.638736025619577,14.489337268898652,32.39914308217855,0.978,0.045,0.65,0.047,0.488,0.052000000000000005,0.733,0.057,0.8977010000000001,1.9301409999999999,0.614812,2.323248,0.49944,3.506128,0.6926960000000001,3.09463,0.8794020000000001,1.8859068706716584,0.583624,2.1059818850621053,0.4568799999999998,2.660174815580932,0.6713920000000002,2.8809846269325994,0.9862002074085916,1.033770498309351,15.09263605936357,0.8549344468415967,0.9029353959191068,32.313882824882185,0.959575653243274,0.9927826980496941,25.104307922313577,1.033452684019853,1.081229667661065,39.85591413778254,0.9888948055273148,1.0554722740202644,48.632928647722856,2.70986031059928,3.0584303729031896,2.786158943830213,2.6448128592364486,2.6774779543652283,0.996540996618702,2.560282445694096,0.8606707918382135,2.839456661346777,0.951965396099388,2.630814663405753,1.0438593353221302,2.5079303856632738,1.0161445480405291,2.5277978209374363,15.09263605936357,32.313882824882185,25.104307922313577,39.85591413778254,48.632928647722856,0.03284258804914208,0.07466546296805099,0.04440341237758927,0.035762605077309106,0.09814862699558248,0.8062257748298559
44.7_-32.1,5.553186794359164,1.95034885382528,2.4084636059493727,9.342587188844368,6.357843560861805,12.71568712172361,2.2329544027445625,4.993037835194285,2.757449982451436,6.165845605317013,10.696328072507912,23.917716679766997,0.6629999999999999,0.038,0.7090000000000001,0.047,0.614,0.044000000000000004,0.893,0.05,0.6189496000000001,1.931444,0.6783128,2.164391,0.5916734,2.195125,0.8411618000000001,2.331496,0.5858992000000002,1.7702046014847173,0.6526255999999999,2.018510567798565,0.5573468,1.9648754218602345,0.8223236000000002,2.2592633590611806,0.9834992108362148,1.050001268660468,16.285140022317115,0.9914798422070328,1.0045528466105798,36.04291374471907,0.8895642042223262,0.9672600274243652,31.99982600553244,0.7476950302772652,0.8253625776022585,100.15255062689128,0.8571040387014544,0.9624269841126876,102.4025552088592,2.68519001395336,2.761950780756884,2.8462041776647324,3.5059802043435657,2.8588746632945417,1.0120025373209358,2.5383992938812976,0.9653056932211594,2.6085665189769536,0.9281200548487304,2.670236863322499,0.7803251552045171,3.1960330771991416,0.921853968225375,2.67949101552716,16.285140022317115,36.04291374471907,31.99982600553244,100.15255062689128,102.4025552088592,0.036269551538557265,0.04083882441803188,0.021474097083480248,0.1035024715487678,0.020441838074587,1.1401754250991385
46.0_-30.2,5.391055542398722,1.9866134378366456,2.4095361071653842,7.101527676926793,6.172219490492295,12.34443898098459,2.274473724979175,5.085877862090596,2.7586778890936468,6.1685912880390195,8.130539037313483,18.18043798114865,0.87,0.067,0.843,0.043,0.539,0.049,0.882,0.038,0.8062772000000001,2.210634,0.7818784000000001,2.230493,0.5660488,3.122107,0.836572,2.403625,0.7865544000000002,2.129238452525724,0.7607568000000002,2.1357767021797267,0.5330976,2.6585300795358053,0.8171439999999999,2.3122662293979146,0.8651078467365436,0.8932739090799858,23.60433908726755,0.7940043057974189,0.8993397184385294,44.00142729506068,0.9159325778558736,0.9645418536965464,40.62829379121352,0.8938773709451958,0.967242518050162,104.35858981719677,0.9722897415020744,1.0632246455004488,77.85312982680391,3.1002222046839387,3.073619192379168,2.853275384362795,2.846249282075232,2.667034650567525,0.8515478181599716,2.867540268498534,0.8568794368770588,2.8487728918172386,0.9226837073930928,2.676540797270583,0.924685036100324,2.653645368442668,1.0248492910008975,2.5274006023556086,23.60433908726755,44.00142729506068,40.62829379121352,104.35858981719677,77.85312982680391,0.05779833289216552,0.05761871680469166,0.0413230095660736,0.0747200494223984,0.05321537713389135,1.2806248474865702
45.9_-32.1,5.773225622872504,2.3823810245638057,2.098074806361165,5.3448733933694905,6.609766015626727,13.219532031253454,2.7275880350231003,6.0990722609267305,2.402085845802897,5.371227239005357,6.119345548068727,13.683272623292382,1.0659999999999998,0.040999999999999995,0.961,0.037000000000000005,0.613,0.05,1.146,0.035,0.984264,2.291527,0.895524,2.3668299999999998,0.6014840000000001,2.7962540000000002,1.079982,2.6414869999999997,0.9685279999999998,2.2418092479021885,0.8790479999999999,2.305061553678765,0.5709680000000001,2.4872063432900267,1.065964,2.5946928241713665,0.9189313722710376,1.0354794050443878,22.108912010263087,0.8669596461292294,0.9336786872677733,44.062680948389385,0.7837507992747441,0.8694180216562968,32.815780072907444,0.8117174215482666,0.8729480904836622,104.63739406057957,0.7786857656277083,0.8847795600047981,124.19828891681999,2.7071302666195933,2.9442804401993947,3.2180686404047285,3.1991910308245424,3.1396597185219624,0.9965588100887756,2.5569917036004948,0.8915573745355464,2.744820950019849,0.8276360433125934,2.965261658906293,0.8312961809673243,2.9499041107733417,0.8413591200095961,2.90721832209188,22.108912010263087,44.062680948389385,32.815780072907444,104.63739406057957,124.19828891681999,0.0319571060957744,0.043775530441024224,0.060353619744071614,0.03572036814124213,0.05224995130844012,1.4212670403551897
43.7_-30.2,5.468400573424313,1.9776821214343885,2.4280515458237177,9.496046015198326,6.260771816513494,12.521543633026988,2.26424826083023,5.063013029152068,2.7798762148135734,6.2159921853579565,10.87202308280056,24.310582666088877,1.0759999999999998,0.044000000000000004,1.099,0.034,0.8590000000000001,0.047,1.034,0.044000000000000004,0.9828544,2.197127,1.0126174000000001,2.11547,0.8349648000000001,2.531417,0.9666724,2.3856900000000003,0.9657087999999999,2.158650525962581,0.9972347999999998,2.0658793640996067,0.8159296000000001,2.452132325501567,0.9513448,2.325570813315237,0.7996591863556065,0.9067799891904654,22.359113141386146,0.7740111986668307,0.8295888212261125,45.27930829273878,0.8795153229976698,0.930440342962878,48.353456343859634,0.9509867331564263,0.9957366774336254,76.80601667625629,0.943870582423881,1.002040408390535,104.71956425897308,3.042649606272726,3.4735288989037647,2.955092727605108,2.779891882959776,2.7669499628206373,0.8649599783809307,2.8262024722442494,0.7853776424522251,3.171594505528826,0.8884806859257558,2.7568915571773527,0.9544733548672508,2.6049673490127288,0.96028081678107,2.595233580775365,22.359113141386146,45.27930829273878,48.353456343859634,76.80601667625629,104.71956425897308,0.028533887617996686,0.035495567788727644,0.04405445202580127,0.04410890393799294,0.024369674675493003,1.5264337522473728
46.6_-31.2,5.375532075684877,2.198889702797567,2.1551945214290047,7.865926010465647,6.154446673451612,12.308893346903224,2.517508820732933,5.629320857114172,2.4674822075840668,5.517457949429221,9.005698689382116,20.137354454339174,1.288,0.03,0.98,0.038,0.909,0.055,0.737,0.05,1.1904124000000005,2.300577,0.8965694000000002,2.005852,0.8628216000000001,2.741536,0.6959718,2.3697939999999997,1.176824800000001,2.27522532746024,0.8771388000000003,1.94072661932883,0.8456431999999999,2.6453332718323845,0.6719436,2.223265305231924,0.8373322444957549,0.9140210420703851,23.717242368600825,0.7992043858158815,0.9025762130409378,48.51017665284933,0.8096641620126555,0.8863340394670957,45.19359214516591,0.8390288344832176,0.900384834583575,78.477610293549,0.8116077799485621,0.9001749985938146,81.81930547659243,3.0141628247479377,3.0599287227563385,3.1322445772907552,3.069160790551446,3.0700530455913966,0.8726420841407702,2.8053952633804764,0.8599524260818756,2.8402046367376035,0.8444680789341913,2.8959686687506734,0.8589696691671499,2.8396742788707416,0.858549997187629,2.8488493674799167,23.717242368600825,48.51017665284933,45.19359214516591,78.477610293549,81.81930547659243,0.0744327760109238,0.08145625451424343,0.08523753157852587,0.08487109757630773,0.07799193517727976,1.6124515496597112
43.5_-32.1,5.816110587032798,2.078790968825348,2.121862900823457,7.414962296730359,6.658865011093848,13.317730022187696,2.3800077802081403,5.321859183523781,2.429320835152775,5.432126526558165,8.489390333526584,18.98285387329505,1.001,0.035,0.7759999999999999,0.044000000000000004,0.682,0.046,0.659,0.054000000000000006,0.9024694,1.90153,0.7225544,2.25905,0.6490428,2.560777,0.6285012000000001,2.623642,0.8849388000000001,1.8604180616562769,0.6991088000000001,2.142507969590504,0.6220856,2.3556753589357027,0.5990024000000002,2.379573533873681,1.0171709815754932,1.0930616573581575,17.28077450783276,0.9654808402590837,1.0403992489210083,36.077587694747976,0.962762889560206,0.9985149597940112,31.08148459866584,0.9709366679307144,1.0262700733029548,65.7842131257546,0.9918373071554902,1.0873161301430971,67.64777530298173,2.631623344759537,2.699448972335717,2.7741165012468616,2.7222338501261096,2.6378960391304926,1.053923314716315,2.4954629134427404,0.9995984978420164,2.546063783728895,0.9600299195880224,2.610199915840897,0.9883401466059096,2.5728768784980245,1.049232260286194,2.496317006477788,17.28077450783276,36.077587694747976,31.08148459866584,65.7842131257546,67.64777530298173,0.03431107463823368,0.029140653294149613,0.05235106983527993,0.037276528954787946,0.03375339924220766,1.8601075237738283
45.6_-29.2,5.004853038929261,1.9593778092345613,2.203501489511166,7.498783985274628,5.730056244270109,11.46011248854022,2.243291653792649,5.016152631238287,2.522788855341333,5.6411273734221075,8.58535778474092,19.197443617837703,1.475,0.036000000000000004,0.792,0.054000000000000006,0.695,0.052000000000000005,0.6,0.048,1.3681800000000002,2.4773330000000002,0.7262217999999999,2.359986,0.6494888000000001,2.329767,0.6085598000000001,3.022207,1.3563600000000002,2.4455053807675164,0.7024435999999998,2.2372261658442216,0.6229776000000001,2.149884455325557,0.5791196000000002,2.688497492261124,0.8917111208146521,0.9456091047136488,21.946076184455848,0.7841707704405022,0.8751413205119905,46.58896485701381,0.8727357428928751,0.9313964624592412,52.17900235876461,0.9868839678811876,1.0311053120688043,97.4004037868962,0.958331127646783,1.0662111933053464,112.29735951034336,2.9066252656064395,3.187728339463378,2.9518730799407202,2.7141832922862466,2.663157163231598,0.9052182094272976,2.705169806304143,0.8322826410239808,2.943250466704712,0.8903929249184824,2.7516658004113537,0.9912106241376086,2.56049447087946,1.0274223866106929,2.5137081900642384,21.946076184455848,46.58896485701381,52.17900235876461,97.4004037868962,112.29735951034336,0.0243135833662883,0.023830728011708824,0.024519275605994872,0.02085684390474174,0.0268976352934438,1.8973665961010286
43.1_-31.2,5.702076870674717,1.8904941205116368,2.3337681667011743,8.525903044724043,6.528307809235481,13.056615618470962,2.164426718573772,4.839805275047762,2.6719311740561733,5.9746197363904265,9.761306395904553,21.826944650446052,1.068,0.038,0.664,0.06,0.5670000000000001,0.048,1.057,0.044000000000000004,0.9934402,2.319467,0.6107768,2.126748,0.5832438,3.175608,0.9810414000000001,2.344912,0.9788804,2.2812371783085745,0.5785536,1.9331083671890268,0.5524876,2.743382752684151,0.9640827999999998,2.2868492214302854,0.8383912455873485,0.9091682691476308,19.539908326306502,0.8249950737205836,0.8657024980766761,39.632686311888975,0.9579360499887246,1.0252861099611816,29.487576348416013,1.0194714831262692,1.0800268236108992,51.47179752927947,1.0305056161127621,1.0851364167982114,61.61421425493121,3.0330788362988597,3.2385254434898663,2.7239056244685966,2.646213955418951,2.640340359830177,0.8663365382952617,2.815208530478139,0.8236049961533521,2.9882898348876292,0.9863722199223632,2.563675362380576,1.0414536472217983,2.5008655168109426,1.0482728335964226,2.504307965516205,19.539908326306502,39.632686311888975,29.487576348416013,51.47179752927947,61.61421425493121,0.036918538387462174,0.049993137145846855,0.04318898719911768,0.027238607019371086,0.044236147423398216,1.9104973174542785
45.1_-33.1,5.53237938377396,2.009961806661224,2.072278456994626,5.6471911103753865,6.3340211564828035,12.668042312965607,2.3012052724464342,5.145651419371151,2.3725516054131464,5.305186669830054,6.465469102268777,14.457228419097525,0.992,0.034,1.105,0.036000000000000004,0.93,0.04,0.68,0.059000000000000004,0.8939582000000001,1.8905830000000001,1.0180366,2.074463,0.8625090000000001,2.195104,0.6340585999999999,2.115823,0.8759164000000004,1.8413689200904324,1.0020731999999999,2.0294665272024406,0.845018,2.1316070760239945,0.6041171999999998,1.9474965664180224,0.9695674123779764,1.0044210118682853,19.948192295018526,0.9401411822460192,0.9753260052805012,36.54885957579186,0.8898849191108222,0.9415518020480932,44.27315690975873,0.9732976843265038,1.1027432515833475,101.81863754626244,0.9053400943515408,1.0926687079751003,104.65055897821163,2.7622108992291854,2.8260228539830465,2.9190583331853794,2.6215892319700567,2.6320446217206612,0.9650420237365704,2.5907312058130194,0.9340520105610022,2.6473949806848927,0.9005036040961859,2.7200393162500087,1.066486503166695,2.4842519356022663,1.0548374159502003,2.4942134735410364,19.948192295018526,36.54885957579186,44.27315690975873,101.81863754626244,104.65055897821163,0.02074937692373946,0.07048806742885527,0.012654604640726541,0.038748910437989226,0.04153290997424442,2.1023796041628655
44.0_-33.1,5.468824051825188,2.049287446023809,2.08689999398243,9.418512679696033,6.261256656934656,12.522513313869311,2.3462291969526583,5.246327975180887,2.389291803110483,5.342618889838084,10.783255166983983,24.11209157210204,0.9470000000000001,0.054000000000000006,0.6759999999999999,0.04,0.575,0.05,0.725,0.047,0.8648604,2.21243,0.6515218,2.152977,0.572933,2.864168,0.6852218000000001,2.558601,0.8477207999999998,2.1496386677865083,0.6230435999999999,1.9932740598087908,0.5398660000000001,2.4803603292960186,0.6614436000000001,2.3872143391938594,0.9891138070438988,1.0240611906008499,21.756909089776407,0.9218211061549088,0.9555513136018582,46.97768986302636,0.7814595168928785,0.8539778696009357,53.51995235455287,0.6754978865426836,0.7768554200948522,80.2603649889309,0.6783686069845297,0.8322983417489669,117.95670946314104,2.7260028997297248,2.8776874400133776,3.3072734353735256,3.979549792366877,3.4533310953333407,0.9839223812017002,2.5788225984971134,0.9149026272037164,2.6964832745033607,0.8103557392018713,3.0492504962880767,0.7309108401897043,3.598406358353384,0.7873966834979337,3.1495285708842933,21.756909089776407,46.97768986302636,53.51995235455287,80.2603649889309,117.95670946314104,0.034084917741296406,0.06553962393635693,0.04733434743266597,0.050109012262967816,0.04715419401674813,2.3259406699226024
47.2_-30.2,5.714318009603696,2.601548104403227,2.3738847218998247,4.946051432186189,6.542322689195268,13.084645378390539,2.9785124247312527,6.660156253526808,2.7178606181031078,6.077321095448147,5.662734284709965,12.66225879913013,1.216,0.032,0.955,0.044000000000000004,0.9159999999999999,0.044000000000000004,0.64,0.048,1.1299822000000002,2.551611,0.8934430000000001,2.321798,0.8505416000000001,2.29366,0.6187964,2.9108009999999997,1.1179644000000002,2.5233616702990624,0.8768860000000002,2.2573804837844893,0.8330832000000002,2.228273423945666,0.5915928,2.605591198574935,0.8639889992008001,0.9984388609219668,27.12437487175157,0.8031150355846894,0.8729356110664309,50.31469309488699,0.912816160514408,0.9617777276102164,45.37538085716611,0.8947112645374673,1.0304152464762053,112.23216174213695,0.97189865977266,1.0390576098107194,96.31798548893005,2.774273179359883,3.1992568300615147,2.8606110001312866,2.7153157146636526,2.701517748594073,0.9598777218439336,2.607374123150485,0.8278712221328617,2.9478814193114884,0.9205554552204328,2.6844623915953525,0.9932304929524104,2.5613306396685283,1.0003152196214389,2.5450381312965904,27.12437487175157,50.31469309488699,45.37538085716611,112.23216174213695,96.31798548893005,0.034233155341696686,0.03543924773519036,0.01588828054204794,0.03520603877694961,0.05070504858055303,2.340939982143928
47.1_-32.1,5.2434014224030445,2.342900426282776,2.085251608026588,7.1292233200812065,6.003170288509242,12.006340577018484,2.682386698051149,5.997998998783571,2.3874045660296392,5.338398899435659,8.16224777916097,18.251340883400626,1.099,0.037000000000000005,1.033,0.035,0.8220000000000001,0.061,0.764,0.040999999999999995,1.0163454,2.304973,0.9666334,2.348309,0.7504808000000001,2.5485189999999998,0.7252605999999999,2.668854,1.0026908,2.266756709760418,0.9512668,2.3127298094595883,0.7289616000000001,2.422393267446379,0.7045211999999998,2.521103968284115,0.8575817445547012,0.9471222729130204,23.655184573423508,0.8077251783887117,0.8969693316155385,44.63120842806044,0.7495183083911003,0.8523924342146524,32.947751080542,0.8298508370488946,0.9016238524932622,108.81632816709326,0.7625796276118336,0.8647697996998882,117.80459276732063,2.9020830947260725,3.083866005900428,3.317085857901226,3.063921721016482,3.2437577135419176,0.9048445458260408,2.7145123340736133,0.8555386632310771,2.8579967799757737,0.8071848684293047,3.0439995511470315,0.8580477049865243,2.841588550221959,0.8217395993997764,2.98721787803382,23.655184573423508,44.63120842806044,32.947751080542,108.81632816709326,117.80459276732063,0.10835589763660768,0.09855679814488516,0.12513214888869328,0.0794787736119924,0.10966077680221976,2.3706539182259414
46.3_-33.1,4.8731143715646335,2.0772460894750333,2.2610454977353887,9.910136711122083,5.579228644004346,11.158457288008693,2.3782390478399646,5.317904177714536,2.5886709903572456,5.788444305820504,11.34611552056367,25.37068558454578,1.0979999999999999,0.035,1.165,0.042,0.7509999999999999,0.044000000000000004,1.025,0.038,1.0111108,2.19804,1.0824678,2.359562,0.7235924000000001,2.523621,0.9622238000000002,2.484239,0.9942216,2.1525446671551194,1.0689356,2.3047905641604274,0.7011848000000003,2.3856740833118337,0.9464476000000004,2.426766269726858,0.9062933225132748,0.9424238283380768,23.639554429632216,0.9093599128644294,0.9539211252836668,41.146038928436354,0.8141833649690942,0.9252139081595482,39.8162566965736,0.9406157650564966,0.9763771027086016,105.58740335727647,0.9363448746817474,0.9845484105444792,110.75237919696244,2.9163544984403282,2.8822884368267383,2.973106732855287,2.8234785724030287,2.8043420558538528,0.9022476566761536,2.722824913778956,0.9116422505673336,2.6935272602954985,0.8831278163190963,2.761378254854253,0.936154205417203,2.6391416954779947,0.9456968210889584,2.6299534672918807,23.639554429632216,41.146038928436354,39.8162566965736,105.58740335727647,110.75237919696244,0.02769055987112801,0.04105350841576938,0.05347412570554322,0.045247529215600935,0.03477924859538917,2.4698178070456938
43.3_-29.2,5.4287056367550495,1.8435996982884488,2.2513884916435285,7.828318549283052,6.215325083520856,12.430650167041712,2.1107372945704443,4.719752073303511,2.5776146840826746,5.7637216534105065,8.962641907074161,20.041076562206182,1.6019999999999999,0.031,0.889,0.038,0.695,0.054000000000000006,0.902,0.038,1.496825,2.583485,0.8331626000000001,2.204691,0.6487498,2.376182,0.8568222000000001,2.583154,1.48565,2.5686425264442723,0.8143252000000002,2.1320120405845167,0.6214996,2.191040550756745,0.8386444000000002,2.4939292364333006,0.7227672145679014,0.8567878789320396,20.490007147969376,0.7475606051924403,0.8512362020793593,42.35185957024896,0.7832775152267042,0.8389642547556105,44.354776292298574,0.9286704590873912,0.9768319237160348,57.793074446435654,0.9820016468454816,1.0311827265946267,96.35779228662331,3.2901927180919173,3.324323081484845,3.4055702218282087,2.8223835979330314,2.7140565912099612,0.8125757578640791,3.022437198636561,0.8082724041587187,3.0544547630170618,0.7939285095112208,3.130947789425564,0.9370638474320694,2.6583436436160097,0.9913654531892536,2.5559604047077897,20.490007147969376,42.35185957024896,44.354776292298574,57.793074446435654,96.35779228662331,0.04140984106434531,0.04741571139547518,0.05569204165354713,0.08677148509106869,0.04127423024574628,2.475883680627992
46.7_-29.2,6.185436460026403,1.9353678577766016,2.1935563430087948,9.094221620717587,7.081706203084228,14.163412406168456,2.21580266036843,4.954685373308688,2.5114026571107684,5.615667060173273,10.411974333559561,23.28188238982225,0.895,0.045,0.86,0.044000000000000004,0.664,0.046,0.809,0.048,0.8192224000000001,2.1284669999999997,0.7992232000000001,2.1114080000000004,0.6266862000000001,2.1346950000000002,0.7620667999999999,2.528584,0.7984448000000002,2.0544644103494902,0.7784464000000003,2.0208189948700905,0.5953724000000001,1.9555309212744685,0.7421335999999998,2.415314577290546,0.9304629271753267,0.9775904103049304,21.55783151808949,0.8330045093158023,0.8890259305686944,42.650558669585024,0.8305277873337084,0.8914925018966435,52.14412995907698,0.8621279168169123,0.9501407711940798,98.44338667234356,0.9090949485878902,1.0043673153861559,110.74029020288816,2.8205655175388533,3.1196162812604906,3.1082768015846254,2.893172411029072,2.762316915364753,0.9385808206098608,2.6512361899281385,0.8464518611373887,2.8891777491335917,0.847985003793287,2.877353576276275,0.9074815423881596,2.6948529859887573,0.964934630772312,2.5982503510081925,21.55783151808949,42.650558669585024,52.14412995907698,98.44338667234356,110.74029020288816,0.022425450175762696,0.02118624270854985,0.04969954929200182,0.03679636114080331,0.03635804626772243,2.475883680627992
